{
	"groups": [
		{
			"keys": "description_json,font_fnt,font_png,car1_green_png,car1_orange_png,car1_purple_png,car1_yellow_png,car1_red_png,car1_blue_png,empty_png,start_png,restart_png,rect_png,white_png,black_png,rank_png,toast_bg_png",
			"name": "preload"
		}
	],
	"resources": [
		{
			"url": "config/description.json",
			"type": "json",
			"name": "description_json"
		},
		{
			"url": "assets/font.fnt",
			"type": "font",
			"name": "font_fnt"
		},
		{
			"url": "assets/font.png",
			"type": "image",
			"name": "font_png"
		},
		{
			"url": "assets/cars/car1_green.png",
			"type": "image",
			"name": "car1_green_png"
		},
		{
			"url": "assets/cars/car1_orange.png",
			"type": "image",
			"name": "car1_orange_png"
		},
		{
			"url": "assets/cars/car1_purple.png",
			"type": "image",
			"name": "car1_purple_png"
		},
		{
			"url": "assets/cars/car1_yellow.png",
			"type": "image",
			"name": "car1_yellow_png"
		},
		{
			"url": "assets/cars/car1_red.png",
			"type": "image",
			"name": "car1_red_png"
		},
		{
			"url": "assets/cars/car1_blue.png",
			"type": "image",
			"name": "car1_blue_png"
		},
		{
			"url": "assets/empty.png",
			"type": "image",
			"name": "empty_png"
		},
		{
			"name": "start_png",
			"type": "image",
			"url": "assets/icon/start.png"
		},
		{
			"name": "restart_png",
			"type": "image",
			"url": "assets/icon/restart.png"
		},
		{
			"name": "rect_png",
			"type": "image",
			"url": "assets/icon/rect.png"
		},
		{
			"name": "white_png",
			"type": "image",
			"url": "assets/ui/white.png"
		},
		{
			"name": "black_png",
			"type": "image",
			"url": "assets/ui/black.png"
		},
		{
			"name": "rank_png",
			"type": "image",
			"url": "assets/icon/rank.png"
		},
		{
			"name": "toast_bg_png",
			"type": "image",
			"url": "assets/ui/toast_bg.png"
		}
	]
}